Disease,Symptom_1,Symptom_2,Symptom_3,Symptom_4,Symptom_5,Symptom_6,Symptom_7,Symptom_8,Symptom_9,Symptom_10,Symptom_11,Symptom_12,Symptom_13,Symptom_14,Symptom_15,Symptom_16,Symptom_17
Hepatitis E, joint_pain, vomiting, fatigue, high_fever, yellowish_skin, dark_urine, nausea, loss_of_appetite, abdominal_pain, yellowing_of_eyes, coma, stomach_bleeding,,,,,
Varicose veins, fatigue, cramps, bruising, swollen_legs, swollen_blood_vessels, prominent_veins_on_calf,,,,,,,,,,,
Tuberculosis, chills, vomiting, fatigue, weight_loss, cough, breathlessness, sweating, loss_of_appetite, mild_fever, yellowing_of_eyes, swelled_lymph_nodes, malaise, phlegm, chest_pain, blood_in_sputum,,
Varicose veins, fatigue, cramps, bruising, obesity, swollen_legs, swollen_blood_vessels, prominent_veins_on_calf,,,,,,,,,,
Drug Reaction,itching, skin_rash, burning_micturition, spotting_ urination,,,,,,,,,,,,,
Allergy, continuous_sneezing, shivering, chills, watering_from_eyes,,,,,,,,,,,,,
Malaria, chills, vomiting, sweating, headache, nausea, diarrhoea, muscle_pain,,,,,,,,,,
Hepatitis B,itching, fatigue, lethargy, yellowish_skin, dark_urine, loss_of_appetite, abdominal_pain, yellow_urine, yellowing_of_eyes, malaise, receiving_blood_transfusion, receiving_unsterile_injections,,,,,
Fungal infection,itching, skin_rash, nodal_skin_eruptions, dischromic _patches,,,,,,,,,,,,,
Osteoarthristis, joint_pain, neck_pain, knee_pain, hip_joint_pain, swelling_joints, painful_walking,,,,,,,,,,,
Hypoglycemia, vomiting, fatigue, anxiety, sweating, headache, nausea, blurred_and_distorted_vision, excessive_hunger, drying_and_tingling_lips, slurred_speech, irritability, palpitations,,,,,
Hepatitis B,itching, fatigue, lethargy, yellowish_skin, dark_urine, loss_of_appetite, yellow_urine, yellowing_of_eyes, malaise, receiving_blood_transfusion, receiving_unsterile_injections,,,,,,
Bronchial Asthma, fatigue, cough, high_fever, family_history, mucoid_sputum,,,,,,,,,,,,
Dengue, chills, joint_pain, vomiting, fatigue, high_fever, headache, nausea, loss_of_appetite, pain_behind_the_eyes, back_pain, malaise, muscle_pain, red_spots_over_body,,,,
Malaria, chills, vomiting, high_fever, sweating, headache, nausea, diarrhoea, muscle_pain,,,,,,,,,
(vertigo) Paroymsal  Positional Vertigo, vomiting, nausea, spinning_movements, loss_of_balance, unsteadiness,,,,,,,,,,,,
Heart attack, vomiting, breathlessness, sweating, chest_pain,,,,,,,,,,,,,
Diabetes , fatigue, weight_loss, restlessness, lethargy, irregular_sugar_level, obesity, excessive_hunger, increased_appetite, polyuria,,,,,,,,
Diabetes , fatigue, weight_loss, restlessness, lethargy, irregular_sugar_level, obesity, excessive_hunger, increased_appetite, polyuria,,,,,,,,
Arthritis, muscle_weakness, stiff_neck, swelling_joints, movement_stiffness,,,,,,,,,,,,,
Gastroenteritis, vomiting, sunken_eyes, dehydration, diarrhoea,,,,,,,,,,,,,
Cervical spondylosis, back_pain, weakness_in_limbs, neck_pain, dizziness, loss_of_balance,,,,,,,,,,,,
Psoriasis, skin_rash, joint_pain, skin_peeling, silver_like_dusting, inflammatory_nails,,,,,,,,,,,,
GERD, stomach_pain, acidity, ulcers_on_tongue, vomiting, cough, chest_pain,,,,,,,,,,,
Pneumonia, chills, fatigue, cough, high_fever, breathlessness, sweating, malaise, phlegm, chest_pain, fast_heart_rate, rusty_sputum,,,,,,
Hepatitis E, joint_pain, vomiting, fatigue, high_fever, yellowish_skin, dark_urine, nausea, loss_of_appetite, abdominal_pain, yellowing_of_eyes, acute_liver_failure, coma, stomach_bleeding,,,,
Fungal infection,itching, skin_rash, nodal_skin_eruptions, dischromic _patches,,,,,,,,,,,,,
Hyperthyroidism, fatigue, mood_swings, weight_loss, restlessness, sweating, diarrhoea, fast_heart_rate, excessive_hunger, muscle_weakness, irritability, abnormal_menstruation,,,,,,
Cervical spondylosis, back_pain, weakness_in_limbs, dizziness, loss_of_balance,,,,,,,,,,,,,
Tuberculosis, chills, vomiting, fatigue, weight_loss, cough, high_fever, breathlessness, sweating, loss_of_appetite, mild_fever, yellowing_of_eyes, swelled_lymph_nodes, malaise, phlegm, chest_pain, blood_in_sputum,
Hepatitis B,itching, fatigue, lethargy, yellowish_skin, dark_urine, loss_of_appetite, abdominal_pain, yellow_urine, yellowing_of_eyes, malaise, receiving_blood_transfusion, receiving_unsterile_injections,,,,,
Drug Reaction,itching, skin_rash, burning_micturition, spotting_ urination,,,,,,,,,,,,,
Typhoid, chills, vomiting, fatigue, high_fever, headache, nausea, constipation, diarrhoea, toxic_look_(typhos), belly_pain,,,,,,,
Malaria, chills, vomiting, high_fever, sweating, headache, nausea, diarrhoea, muscle_pain,,,,,,,,,
Chronic cholestasis,itching, vomiting, yellowish_skin, nausea, loss_of_appetite, abdominal_pain, yellowing_of_eyes,,,,,,,,,,
Jaundice,itching, vomiting, fatigue, weight_loss, high_fever, yellowish_skin, dark_urine, abdominal_pain,,,,,,,,,
Impetigo, skin_rash, high_fever, blister, red_sore_around_nose, yellow_crust_ooze,,,,,,,,,,,,
Urinary tract infection, burning_micturition, bladder_discomfort, foul_smell_of urine, continuous_feel_of_urine,,,,,,,,,,,,,
Hepatitis B,itching, fatigue, yellowish_skin, dark_urine, loss_of_appetite, abdominal_pain, yellow_urine, yellowing_of_eyes, malaise, receiving_blood_transfusion, receiving_unsterile_injections,,,,,,
Pneumonia, chills, cough, high_fever, breathlessness, sweating, malaise, phlegm, chest_pain, fast_heart_rate, rusty_sputum,,,,,,,
Cervical spondylosis, back_pain, neck_pain, dizziness, loss_of_balance,,,,,,,,,,,,,
AIDS, muscle_wasting, patches_in_throat, high_fever, extra_marital_contacts,,,,,,,,,,,,,
Diabetes , fatigue, weight_loss, lethargy, irregular_sugar_level, blurred_and_distorted_vision, obesity, excessive_hunger, increased_appetite, polyuria,,,,,,,,
Hyperthyroidism, fatigue, mood_swings, weight_loss, sweating, diarrhoea, fast_heart_rate, excessive_hunger, muscle_weakness, irritability, abnormal_menstruation,,,,,,,
Tuberculosis, chills, vomiting, fatigue, weight_loss, cough, high_fever, breathlessness, sweating, loss_of_appetite, mild_fever, yellowing_of_eyes, swelled_lymph_nodes, malaise, phlegm, chest_pain, blood_in_sputum,
Arthritis, muscle_weakness, stiff_neck, swelling_joints, movement_stiffness, painful_walking,,,,,,,,,,,,
Cervical spondylosis, back_pain, neck_pain, dizziness, loss_of_balance,,,,,,,,,,,,,
Acne, skin_rash, pus_filled_pimples, scurring,,,,,,,,,,,,,,
Hepatitis B,itching, lethargy, yellowish_skin, dark_urine, loss_of_appetite, abdominal_pain, yellow_urine, yellowing_of_eyes, malaise, receiving_blood_transfusion, receiving_unsterile_injections,,,,,,
Acne, skin_rash, blackheads, scurring,,,,,,,,,,,,,,
Chicken pox,itching, skin_rash, fatigue, lethargy, high_fever, headache, mild_fever, swelled_lymph_nodes, malaise, red_spots_over_body,,,,,,,
hepatitis A, joint_pain, vomiting, yellowish_skin, dark_urine, nausea, abdominal_pain, diarrhoea, mild_fever, yellowing_of_eyes, muscle_pain,,,,,,,
Malaria, chills, vomiting, high_fever, sweating, headache, nausea, diarrhoea, muscle_pain,,,,,,,,,
Gastroenteritis, vomiting, dehydration, diarrhoea,,,,,,,,,,,,,,
Hepatitis D, joint_pain, vomiting, yellowish_skin, dark_urine, nausea, loss_of_appetite, abdominal_pain, yellowing_of_eyes,,,,,,,,,
Peptic ulcer diseae, vomiting, indigestion, loss_of_appetite, abdominal_pain, passage_of_gases, internal_itching,,,,,,,,,,,
Drug Reaction,itching, skin_rash, stomach_pain, spotting_ urination,,,,,,,,,,,,,
Allergy, continuous_sneezing, shivering, chills, watering_from_eyes,,,,,,,,,,,,,
hepatitis A, joint_pain, vomiting, yellowish_skin, dark_urine, nausea, loss_of_appetite, abdominal_pain, diarrhoea, mild_fever, yellowing_of_eyes, muscle_pain,,,,,,
Cervical spondylosis, back_pain, weakness_in_limbs, neck_pain, dizziness, loss_of_balance,,,,,,,,,,,,
Acne, skin_rash, pus_filled_pimples, blackheads, scurring,,,,,,,,,,,,,
Hypothyroidism, fatigue, weight_gain, cold_hands_and_feets, mood_swings, lethargy, dizziness, enlarged_thyroid, brittle_nails, swollen_extremeties, depression, irritability, abnormal_menstruation,,,,,
Typhoid, chills, fatigue, high_fever, headache, nausea, constipation, abdominal_pain, diarrhoea, toxic_look_(typhos), belly_pain,,,,,,,
Drug Reaction,itching, skin_rash, stomach_pain, burning_micturition, spotting_ urination,,,,,,,,,,,,
Osteoarthristis, joint_pain, knee_pain, hip_joint_pain, swelling_joints, painful_walking,,,,,,,,,,,,
Bronchial Asthma, fatigue, cough, high_fever, family_history, mucoid_sputum,,,,,,,,,,,,
Hypertension , headache, chest_pain, dizziness, loss_of_balance,,,,,,,,,,,,,
Dimorphic hemmorhoids(piles), constipation, pain_during_bowel_movements, pain_in_anal_region, bloody_stool, irritation_in_anus,,,,,,,,,,,,
Hepatitis E, joint_pain, vomiting, fatigue, high_fever, yellowish_skin, dark_urine, nausea, loss_of_appetite, abdominal_pain, yellowing_of_eyes, coma, stomach_bleeding,,,,,
Malaria, chills, vomiting, high_fever, sweating, headache, nausea, diarrhoea, muscle_pain,,,,,,,,,
Arthritis, muscle_weakness, stiff_neck, swelling_joints, movement_stiffness, painful_walking,,,,,,,,,,,,
Hypoglycemia, vomiting, fatigue, anxiety, sweating, headache, nausea, blurred_and_distorted_vision, excessive_hunger, drying_and_tingling_lips, slurred_speech, irritability, palpitations,,,,,
Hypothyroidism, fatigue, weight_gain, cold_hands_and_feets, mood_swings, lethargy, puffy_face_and_eyes, enlarged_thyroid, brittle_nails, swollen_extremeties, depression, irritability, abnormal_menstruation,,,,,
hepatitis A, joint_pain, vomiting, yellowish_skin, dark_urine, nausea, loss_of_appetite, abdominal_pain, diarrhoea, mild_fever, yellowing_of_eyes, muscle_pain,,,,,,
Acne, skin_rash, pus_filled_pimples, blackheads, scurring,,,,,,,,,,,,,
Diabetes , fatigue, weight_loss, lethargy, irregular_sugar_level, blurred_and_distorted_vision, obesity, excessive_hunger, increased_appetite, polyuria,,,,,,,,
Alcoholic hepatitis, vomiting, yellowish_skin, abdominal_pain, swelling_of_stomach, distention_of_abdomen, history_of_alcohol_consumption, fluid_overload,,,,,,,,,,
AIDS, muscle_wasting, patches_in_throat, high_fever, extra_marital_contacts,,,,,,,,,,,,,
Alcoholic hepatitis, vomiting, yellowish_skin, abdominal_pain, swelling_of_stomach, distention_of_abdomen, fluid_overload,,,,,,,,,,,
Drug Reaction,itching, skin_rash, stomach_pain, burning_micturition, spotting_ urination,,,,,,,,,,,,
Chronic cholestasis,itching, vomiting, yellowish_skin, nausea, loss_of_appetite, abdominal_pain,,,,,,,,,,,
Typhoid, chills, vomiting, fatigue, high_fever, headache, nausea, constipation, abdominal_pain, diarrhoea, toxic_look_(typhos), belly_pain,,,,,,
Hypothyroidism, fatigue, weight_gain, cold_hands_and_feets, mood_swings, lethargy, puffy_face_and_eyes, enlarged_thyroid, brittle_nails, swollen_extremeties, depression, irritability, abnormal_menstruation,,,,,
Hepatitis B,itching, fatigue, lethargy, yellowish_skin, dark_urine, loss_of_appetite, abdominal_pain, yellow_urine, yellowing_of_eyes, malaise, receiving_blood_transfusion, receiving_unsterile_injections,,,,,
Hepatitis C, fatigue, yellowish_skin, nausea, loss_of_appetite, yellowing_of_eyes, family_history,,,,,,,,,,,
Varicose veins, fatigue, cramps, bruising, obesity, swollen_legs, swollen_blood_vessels, prominent_veins_on_calf,,,,,,,,,,
Hypothyroidism, fatigue, weight_gain, cold_hands_and_feets, mood_swings, lethargy, dizziness, puffy_face_and_eyes, enlarged_thyroid, brittle_nails, swollen_extremeties, depression, irritability, abnormal_menstruation,,,,
Allergy, continuous_sneezing, shivering, chills, watering_from_eyes,,,,,,,,,,,,,
Chicken pox,itching, skin_rash, fatigue, lethargy, high_fever, headache, loss_of_appetite, mild_fever, swelled_lymph_nodes, malaise, red_spots_over_body,,,,,,
GERD, stomach_pain, ulcers_on_tongue, vomiting, cough, chest_pain,,,,,,,,,,,,
Hypothyroidism, fatigue, weight_gain, cold_hands_and_feets, mood_swings, lethargy, dizziness, puffy_face_and_eyes, enlarged_thyroid, brittle_nails, swollen_extremeties, depression, irritability, abnormal_menstruation,,,,
Hyperthyroidism, fatigue, mood_swings, weight_loss, restlessness, sweating, diarrhoea, fast_heart_rate, excessive_hunger, muscle_weakness, irritability, abnormal_menstruation,,,,,,
Hepatitis D, joint_pain, vomiting, fatigue, dark_urine, nausea, loss_of_appetite, abdominal_pain, yellowing_of_eyes,,,,,,,,,
Hepatitis D, joint_pain, vomiting, fatigue, yellowish_skin, nausea, loss_of_appetite, abdominal_pain, yellowing_of_eyes,,,,,,,,,
Paralysis (brain hemorrhage), vomiting, headache, weakness_of_one_body_side, altered_sensorium,,,,,,,,,,,,,
Jaundice,itching, vomiting, fatigue, high_fever, yellowish_skin, dark_urine, abdominal_pain,,,,,,,,,,
Fungal infection,itching, skin_rash, dischromic _patches,,,,,,,,,,,,,,
Heart attack, vomiting, breathlessness, sweating, chest_pain,,,,,,,,,,,,,
Hypoglycemia, vomiting, fatigue, anxiety, sweating, headache, nausea, blurred_and_distorted_vision, excessive_hunger, drying_and_tingling_lips, slurred_speech, irritability, palpitations,,,,,
GERD, stomach_pain, acidity, ulcers_on_tongue, vomiting, cough, chest_pain,,,,,,,,,,,
Gastroenteritis, vomiting, sunken_eyes, dehydration, diarrhoea,,,,,,,,,,,,,
GERD, stomach_pain, acidity, ulcers_on_tongue, vomiting, chest_pain,,,,,,,,,,,,
Hypoglycemia, vomiting, fatigue, anxiety, sweating, headache, nausea, blurred_and_distorted_vision, excessive_hunger, slurred_speech, irritability, palpitations,,,,,,
Hepatitis D, joint_pain, vomiting, fatigue, yellowish_skin, dark_urine, nausea, loss_of_appetite, yellowing_of_eyes,,,,,,,,,
Common Cold, continuous_sneezing, chills, fatigue, cough, high_fever, headache, malaise, phlegm, throat_irritation, redness_of_eyes, sinus_pressure, runny_nose, congestion, chest_pain, loss_of_smell, muscle_pain,
Hypothyroidism, fatigue, weight_gain, cold_hands_and_feets, mood_swings, lethargy, dizziness, puffy_face_and_eyes, enlarged_thyroid, brittle_nails, swollen_extremeties, depression, irritability, abnormal_menstruation,,,,
Tuberculosis, chills, vomiting, fatigue, weight_loss, cough, high_fever, breathlessness, sweating, loss_of_appetite, mild_fever, yellowing_of_eyes, swelled_lymph_nodes, malaise, phlegm, chest_pain, blood_in_sputum,
Chicken pox,itching, skin_rash, fatigue, lethargy, high_fever, headache, loss_of_appetite, mild_fever, swelled_lymph_nodes, malaise, red_spots_over_body,,,,,,
Hepatitis D, joint_pain, vomiting, fatigue, yellowish_skin, dark_urine, nausea, loss_of_appetite, abdominal_pain, yellowing_of_eyes,,,,,,,,
Alcoholic hepatitis, vomiting, yellowish_skin, abdominal_pain, swelling_of_stomach, distention_of_abdomen, history_of_alcohol_consumption, fluid_overload,,,,,,,,,,
Malaria, chills, high_fever, sweating, headache, nausea, diarrhoea, muscle_pain,,,,,,,,,,
Hepatitis D, joint_pain, vomiting, fatigue, yellowish_skin, dark_urine, nausea, loss_of_appetite, yellowing_of_eyes,,,,,,,,,
Hypothyroidism, weight_gain, cold_hands_and_feets, mood_swings, lethargy, dizziness, puffy_face_and_eyes, enlarged_thyroid, brittle_nails, swollen_extremeties, depression, irritability, abnormal_menstruation,,,,,
Hepatitis B,itching, fatigue, lethargy, yellowish_skin, dark_urine, loss_of_appetite, abdominal_pain, yellow_urine, yellowing_of_eyes, malaise, receiving_blood_transfusion, receiving_unsterile_injections,,,,,
Hypothyroidism, fatigue, weight_gain, cold_hands_and_feets, mood_swings, lethargy, dizziness, puffy_face_and_eyes, enlarged_thyroid, brittle_nails, swollen_extremeties, depression, irritability, abnormal_menstruation,,,,
Hypertension , headache, chest_pain, dizziness, loss_of_balance, lack_of_concentration,,,,,,,,,,,,
hepatitis A, joint_pain, vomiting, yellowish_skin, dark_urine, nausea, loss_of_appetite, abdominal_pain, diarrhoea, mild_fever, yellowing_of_eyes, muscle_pain,,,,,,
Chicken pox,itching, skin_rash, fatigue, lethargy, high_fever, headache, loss_of_appetite, mild_fever, swelled_lymph_nodes, malaise, red_spots_over_body,,,,,,
Hepatitis B,itching, fatigue, lethargy, yellowish_skin, dark_urine, loss_of_appetite, abdominal_pain, yellow_urine, yellowing_of_eyes, malaise, receiving_blood_transfusion, receiving_unsterile_injections,,,,,
Osteoarthristis, joint_pain, neck_pain, knee_pain, swelling_joints, painful_walking,,,,,,,,,,,,
Malaria, chills, vomiting, sweating, headache, nausea, diarrhoea, muscle_pain,,,,,,,,,,
Impetigo, skin_rash, blister, red_sore_around_nose, yellow_crust_ooze,,,,,,,,,,,,,
Bronchial Asthma, cough, high_fever, breathlessness, family_history, mucoid_sputum,,,,,,,,,,,,
Dimorphic hemmorhoids(piles), constipation, pain_during_bowel_movements, pain_in_anal_region, bloody_stool, irritation_in_anus,,,,,,,,,,,,
Paralysis (brain hemorrhage), vomiting, weakness_of_one_body_side, altered_sensorium,,,,,,,,,,,,,,
Arthritis, muscle_weakness, stiff_neck, swelling_joints, movement_stiffness, painful_walking,,,,,,,,,,,,
Cervical spondylosis, back_pain, weakness_in_limbs, neck_pain, dizziness, loss_of_balance,,,,,,,,,,,,
Hepatitis D, joint_pain, vomiting, fatigue, yellowish_skin, dark_urine, nausea, loss_of_appetite, abdominal_pain, yellowing_of_eyes,,,,,,,,
Allergy, continuous_sneezing, shivering, chills, watering_from_eyes,,,,,,,,,,,,,
Hepatitis B, fatigue, lethargy, yellowish_skin, dark_urine, loss_of_appetite, abdominal_pain, yellow_urine, yellowing_of_eyes, malaise, receiving_blood_transfusion, receiving_unsterile_injections,,,,,,
Dengue, skin_rash, chills, joint_pain, vomiting, fatigue, high_fever, headache, nausea, loss_of_appetite, pain_behind_the_eyes, back_pain, malaise, muscle_pain, red_spots_over_body,,,
Diabetes , fatigue, weight_loss, restlessness, irregular_sugar_level, blurred_and_distorted_vision, obesity, excessive_hunger, increased_appetite, polyuria,,,,,,,,
hepatitis A, joint_pain, vomiting, yellowish_skin, dark_urine, nausea, loss_of_appetite, abdominal_pain, diarrhoea, mild_fever, yellowing_of_eyes, muscle_pain,,,,,,
Hepatitis B,itching, fatigue, lethargy, yellowish_skin, dark_urine, loss_of_appetite, abdominal_pain, yellow_urine, yellowing_of_eyes, malaise, receiving_blood_transfusion, receiving_unsterile_injections,,,,,
Dimorphic hemmorhoids(piles), constipation, pain_during_bowel_movements, pain_in_anal_region, bloody_stool, irritation_in_anus,,,,,,,,,,,,
Hypothyroidism, fatigue, weight_gain, cold_hands_and_feets, lethargy, dizziness, puffy_face_and_eyes, enlarged_thyroid, brittle_nails, swollen_extremeties, depression, irritability, abnormal_menstruation,,,,,
Urinary tract infection, burning_micturition, bladder_discomfort, continuous_feel_of_urine,,,,,,,,,,,,,,
Hyperthyroidism, fatigue, mood_swings, weight_loss, restlessness, sweating, fast_heart_rate, excessive_hunger, muscle_weakness, irritability, abnormal_menstruation,,,,,,,
Hepatitis C, fatigue, yellowish_skin, nausea, loss_of_appetite, yellowing_of_eyes, family_history,,,,,,,,,,,
Malaria, chills, vomiting, high_fever, sweating, headache, nausea, diarrhoea, muscle_pain,,,,,,,,,
Fungal infection,itching, skin_rash, dischromic _patches,,,,,,,,,,,,,,
Gastroenteritis, sunken_eyes, dehydration, diarrhoea,,,,,,,,,,,,,,
Cervical spondylosis, back_pain, weakness_in_limbs, neck_pain, loss_of_balance,,,,,,,,,,,,,
GERD, stomach_pain, acidity, vomiting, cough, chest_pain,,,,,,,,,,,,
Migraine, acidity, indigestion, headache, blurred_and_distorted_vision, excessive_hunger, stiff_neck, depression, irritability, visual_disturbances,,,,,,,,
Hypoglycemia, vomiting, fatigue, anxiety, sweating, headache, nausea, blurred_and_distorted_vision, excessive_hunger, drying_and_tingling_lips, slurred_speech, irritability, palpitations,,,,,
Alcoholic hepatitis, vomiting, yellowish_skin, abdominal_pain, swelling_of_stomach, distention_of_abdomen, history_of_alcohol_consumption, fluid_overload,,,,,,,,,,
Hepatitis C, fatigue, yellowish_skin, nausea, loss_of_appetite, yellowing_of_eyes, family_history,,,,,,,,,,,
Dengue, skin_rash, chills, joint_pain, vomiting, fatigue, headache, nausea, loss_of_appetite, pain_behind_the_eyes, back_pain, malaise, muscle_pain, red_spots_over_body,,,,
Acne, skin_rash, pus_filled_pimples, blackheads,,,,,,,,,,,,,,
Peptic ulcer diseae, vomiting, indigestion, loss_of_appetite, passage_of_gases, internal_itching,,,,,,,,,,,,
Hepatitis B,itching, fatigue, lethargy, yellowish_skin, dark_urine, loss_of_appetite, abdominal_pain, yellow_urine, yellowing_of_eyes, malaise, receiving_blood_transfusion, receiving_unsterile_injections,,,,,
Paralysis (brain hemorrhage), vomiting, headache, weakness_of_one_body_side, altered_sensorium,,,,,,,,,,,,,
Allergy, continuous_sneezing, shivering, chills, watering_from_eyes,,,,,,,,,,,,,
Heart attack, vomiting, breathlessness, sweating, chest_pain,,,,,,,,,,,,,
Malaria, chills, vomiting, high_fever, sweating, nausea, diarrhoea, muscle_pain,,,,,,,,,,
AIDS, muscle_wasting, patches_in_throat, high_fever, extra_marital_contacts,,,,,,,,,,,,,
Migraine, acidity, indigestion, headache, blurred_and_distorted_vision, excessive_hunger, stiff_neck, depression, irritability, visual_disturbances,,,,,,,,
Diabetes , fatigue, weight_loss, restlessness, lethargy, irregular_sugar_level, blurred_and_distorted_vision, obesity, excessive_hunger, increased_appetite, polyuria,,,,,,,
Impetigo, skin_rash, high_fever, blister, red_sore_around_nose, yellow_crust_ooze,,,,,,,,,,,,
Urinary tract infection, burning_micturition, bladder_discomfort, foul_smell_of urine, continuous_feel_of_urine,,,,,,,,,,,,,
AIDS, muscle_wasting, patches_in_throat, high_fever, extra_marital_contacts,,,,,,,,,,,,,
Chronic cholestasis,itching, vomiting, yellowish_skin, nausea, loss_of_appetite, yellowing_of_eyes,,,,,,,,,,,
Migraine, acidity, indigestion, headache, blurred_and_distorted_vision, excessive_hunger, stiff_neck, depression, irritability, visual_disturbances,,,,,,,,
Alcoholic hepatitis, vomiting, yellowish_skin, abdominal_pain, swelling_of_stomach, distention_of_abdomen, history_of_alcohol_consumption, fluid_overload,,,,,,,,,,
Arthritis, muscle_weakness, stiff_neck, swelling_joints, movement_stiffness, painful_walking,,,,,,,,,,,,
Migraine, acidity, indigestion, headache, blurred_and_distorted_vision, excessive_hunger, stiff_neck, depression, irritability, visual_disturbances,,,,,,,,
Heart attack, vomiting, breathlessness, sweating,,,,,,,,,,,,,,
AIDS, muscle_wasting, patches_in_throat, high_fever, extra_marital_contacts,,,,,,,,,,,,,
Peptic ulcer diseae, vomiting, indigestion, loss_of_appetite, abdominal_pain, passage_of_gases, internal_itching,,,,,,,,,,,
hepatitis A, joint_pain, vomiting, yellowish_skin, dark_urine, nausea, loss_of_appetite, abdominal_pain, mild_fever, yellowing_of_eyes, muscle_pain,,,,,,,
Hyperthyroidism, fatigue, mood_swings, restlessness, sweating, diarrhoea, fast_heart_rate, excessive_hunger, muscle_weakness, irritability, abnormal_menstruation,,,,,,,
Dimorphic hemmorhoids(piles), constipation, pain_during_bowel_movements, pain_in_anal_region, bloody_stool, irritation_in_anus,,,,,,,,,,,,
Heart attack, vomiting, breathlessness, sweating, chest_pain,,,,,,,,,,,,,
Dimorphic hemmorhoids(piles), constipation, pain_in_anal_region, bloody_stool, irritation_in_anus,,,,,,,,,,,,,
Chicken pox,itching, skin_rash, fatigue, lethargy, high_fever, headache, loss_of_appetite, mild_fever, swelled_lymph_nodes, malaise, red_spots_over_body,,,,,,
Chronic cholestasis,itching, vomiting, yellowish_skin, nausea, loss_of_appetite, abdominal_pain, yellowing_of_eyes,,,,,,,,,,
Gastroenteritis, vomiting, sunken_eyes, dehydration, diarrhoea,,,,,,,,,,,,,
Hepatitis C, fatigue, yellowish_skin, nausea, loss_of_appetite, yellowing_of_eyes, family_history,,,,,,,,,,,
Psoriasis, skin_rash, joint_pain, skin_peeling, silver_like_dusting, small_dents_in_nails,,,,,,,,,,,,
Tuberculosis, chills, vomiting, fatigue, weight_loss, cough, high_fever, breathlessness, sweating, loss_of_appetite, mild_fever, yellowing_of_eyes, swelled_lymph_nodes, malaise, phlegm, chest_pain, blood_in_sputum,
Chronic cholestasis,itching, vomiting, yellowish_skin, nausea, loss_of_appetite, abdominal_pain, yellowing_of_eyes,,,,,,,,,,
Fungal infection,itching, skin_rash, nodal_skin_eruptions, dischromic _patches,,,,,,,,,,,,,
Heart attack, breathlessness, sweating, chest_pain,,,,,,,,,,,,,,
Allergy, continuous_sneezing, shivering, watering_from_eyes,,,,,,,,,,,,,,
Allergy, continuous_sneezing, shivering, watering_from_eyes,,,,,,,,,,,,,,
Gastroenteritis, vomiting, sunken_eyes, dehydration, diarrhoea,,,,,,,,,,,,,
Gastroenteritis, vomiting, sunken_eyes, dehydration, diarrhoea,,,,,,,,,,,,,
Impetigo, skin_rash, high_fever, blister, red_sore_around_nose, yellow_crust_ooze,,,,,,,,,,,,
Malaria, chills, high_fever, sweating, headache, nausea, diarrhoea, muscle_pain,,,,,,,,,,
hepatitis A, joint_pain, vomiting, yellowish_skin, dark_urine, nausea, abdominal_pain, diarrhoea, mild_fever, yellowing_of_eyes, muscle_pain,,,,,,,
Fungal infection,itching, skin_rash, dischromic _patches,,,,,,,,,,,,,,
Hypothyroidism, fatigue, weight_gain, cold_hands_and_feets, mood_swings, lethargy, dizziness, puffy_face_and_eyes, enlarged_thyroid, brittle_nails, swollen_extremeties, depression, irritability, abnormal_menstruation,,,,
AIDS, muscle_wasting, patches_in_throat, high_fever, extra_marital_contacts,,,,,,,,,,,,,
Osteoarthristis, joint_pain, neck_pain, knee_pain, hip_joint_pain, swelling_joints, painful_walking,,,,,,,,,,,
Gastroenteritis, vomiting, sunken_eyes, dehydration, diarrhoea,,,,,,,,,,,,,
Alcoholic hepatitis, vomiting, yellowish_skin, abdominal_pain, swelling_of_stomach, distention_of_abdomen, history_of_alcohol_consumption, fluid_overload,,,,,,,,,,
Alcoholic hepatitis, vomiting, yellowish_skin, abdominal_pain, swelling_of_stomach, distention_of_abdomen, history_of_alcohol_consumption, fluid_overload,,,,,,,,,,
Varicose veins, fatigue, cramps, bruising, obesity, swollen_legs, swollen_blood_vessels, prominent_veins_on_calf,,,,,,,,,,
Migraine, acidity, indigestion, headache, blurred_and_distorted_vision, excessive_hunger, depression, irritability, visual_disturbances,,,,,,,,,
Typhoid, chills, vomiting, fatigue, high_fever, headache, nausea, constipation, abdominal_pain, diarrhoea, toxic_look_(typhos), belly_pain,,,,,,
Arthritis, muscle_weakness, stiff_neck, swelling_joints, movement_stiffness, painful_walking,,,,,,,,,,,,
Hypoglycemia, vomiting, anxiety, sweating, headache, nausea, blurred_and_distorted_vision, excessive_hunger, drying_and_tingling_lips, slurred_speech, irritability, palpitations,,,,,,
GERD, stomach_pain, acidity, ulcers_on_tongue, vomiting, cough,,,,,,,,,,,,
Arthritis, muscle_weakness, stiff_neck, swelling_joints, movement_stiffness, painful_walking,,,,,,,,,,,,
Hypertension , headache, chest_pain, dizziness, loss_of_balance, lack_of_concentration,,,,,,,,,,,,
(vertigo) Paroymsal  Positional Vertigo, vomiting, headache, nausea, spinning_movements, loss_of_balance, unsteadiness,,,,,,,,,,,
Psoriasis, skin_rash, joint_pain, silver_like_dusting, small_dents_in_nails, inflammatory_nails,,,,,,,,,,,,
Arthritis, muscle_weakness, stiff_neck, swelling_joints, movement_stiffness, painful_walking,,,,,,,,,,,,
Chicken pox,itching, skin_rash, fatigue, lethargy, high_fever, headache, loss_of_appetite, mild_fever, swelled_lymph_nodes, malaise, red_spots_over_body,,,,,,
Hepatitis D, joint_pain, vomiting, fatigue, yellowish_skin, dark_urine, nausea, loss_of_appetite, yellowing_of_eyes,,,,,,,,,
Hyperthyroidism, fatigue, mood_swings, weight_loss, restlessness, sweating, diarrhoea, excessive_hunger, muscle_weakness, irritability, abnormal_menstruation,,,,,,,
Common Cold, continuous_sneezing, chills, fatigue, cough, high_fever, headache, swelled_lymph_nodes, phlegm, throat_irritation, redness_of_eyes, sinus_pressure, runny_nose, congestion, chest_pain, loss_of_smell, muscle_pain,
Cervical spondylosis, back_pain, weakness_in_limbs, neck_pain, dizziness, loss_of_balance,,,,,,,,,,,,
Tuberculosis, chills, vomiting, fatigue, weight_loss, cough, high_fever, breathlessness, sweating, loss_of_appetite, mild_fever, yellowing_of_eyes, swelled_lymph_nodes, malaise, phlegm, chest_pain, blood_in_sputum,
Cervical spondylosis, weakness_in_limbs, neck_pain, dizziness, loss_of_balance,,,,,,,,,,,,,
Migraine, indigestion, headache, blurred_and_distorted_vision, excessive_hunger, stiff_neck, depression, irritability, visual_disturbances,,,,,,,,,
Cervical spondylosis, back_pain, weakness_in_limbs, dizziness, loss_of_balance,,,,,,,,,,,,,
Fungal infection,itching, nodal_skin_eruptions, dischromic _patches,,,,,,,,,,,,,,
GERD, stomach_pain, acidity, ulcers_on_tongue, vomiting, cough, chest_pain,,,,,,,,,,,
Paralysis (brain hemorrhage), vomiting, headache, weakness_of_one_body_side, altered_sensorium,,,,,,,,,,,,,
Hepatitis B,itching, fatigue, lethargy, yellowish_skin, dark_urine, loss_of_appetite, abdominal_pain, yellow_urine, yellowing_of_eyes, malaise, receiving_blood_transfusion, receiving_unsterile_injections,,,,,
Chicken pox,itching, skin_rash, fatigue, lethargy, headache, loss_of_appetite, mild_fever, swelled_lymph_nodes, malaise, red_spots_over_body,,,,,,,
hepatitis A, joint_pain, vomiting, yellowish_skin, nausea, loss_of_appetite, abdominal_pain, diarrhoea, mild_fever, yellowing_of_eyes, muscle_pain,,,,,,,
Hepatitis C, fatigue, yellowish_skin, nausea, loss_of_appetite, yellowing_of_eyes, family_history,,,,,,,,,,,
Dengue, skin_rash, chills, joint_pain, vomiting, fatigue, high_fever, headache, nausea, loss_of_appetite, pain_behind_the_eyes, back_pain, malaise, red_spots_over_body,,,,
Hyperthyroidism, fatigue, mood_swings, weight_loss, restlessness, sweating, diarrhoea, fast_heart_rate, excessive_hunger, muscle_weakness, irritability, abnormal_menstruation,,,,,,
Bronchial Asthma, fatigue, cough, high_fever, breathlessness, family_history, mucoid_sputum,,,,,,,,,,,
Hepatitis D, joint_pain, vomiting, fatigue, yellowish_skin, nausea, loss_of_appetite, abdominal_pain, yellowing_of_eyes,,,,,,,,,
Hepatitis D, joint_pain, vomiting, fatigue, yellowish_skin, dark_urine, nausea, loss_of_appetite, abdominal_pain, yellowing_of_eyes,,,,,,,,
Typhoid, chills, vomiting, fatigue, high_fever, headache, nausea, constipation, abdominal_pain, diarrhoea, toxic_look_(typhos), belly_pain,,,,,,
Migraine, acidity, indigestion, headache, blurred_and_distorted_vision, excessive_hunger, stiff_neck, depression, irritability,,,,,,,,,
Varicose veins, fatigue, cramps, bruising, obesity, swollen_legs, swollen_blood_vessels, prominent_veins_on_calf,,,,,,,,,,
Hypertension , headache, chest_pain, dizziness, loss_of_balance, lack_of_concentration,,,,,,,,,,,,
Migraine, acidity, indigestion, headache, blurred_and_distorted_vision, excessive_hunger, stiff_neck, depression, irritability, visual_disturbances,,,,,,,,
Fungal infection,itching, skin_rash, nodal_skin_eruptions,,,,,,,,,,,,,,
Acne, skin_rash, pus_filled_pimples, blackheads, scurring,,,,,,,,,,,,,
Impetigo, skin_rash, high_fever, blister, red_sore_around_nose, yellow_crust_ooze,,,,,,,,,,,,
Hyperthyroidism, fatigue, mood_swings, weight_loss, restlessness, sweating, diarrhoea, fast_heart_rate, excessive_hunger, muscle_weakness, irritability, abnormal_menstruation,,,,,,
Cervical spondylosis, back_pain, weakness_in_limbs, neck_pain, dizziness, loss_of_balance,,,,,,,,,,,,
Hypertension , headache, chest_pain, dizziness, loss_of_balance, lack_of_concentration,,,,,,,,,,,,
Drug Reaction,itching, skin_rash, stomach_pain, burning_micturition, spotting_ urination,,,,,,,,,,,,
Hyperthyroidism, fatigue, mood_swings, weight_loss, restlessness, sweating, diarrhoea, fast_heart_rate, excessive_hunger, muscle_weakness, irritability, abnormal_menstruation,,,,,,
Gastroenteritis, vomiting, sunken_eyes, diarrhoea,,,,,,,,,,,,,,
Impetigo, skin_rash, high_fever, blister, red_sore_around_nose, yellow_crust_ooze,,,,,,,,,,,,
(vertigo) Paroymsal  Positional Vertigo, vomiting, headache, nausea, spinning_movements, loss_of_balance, unsteadiness,,,,,,,,,,,
Peptic ulcer diseae, vomiting, indigestion, loss_of_appetite, abdominal_pain, passage_of_gases, internal_itching,,,,,,,,,,,
Chicken pox,itching, skin_rash, fatigue, lethargy, high_fever, headache, mild_fever, swelled_lymph_nodes, malaise, red_spots_over_body,,,,,,,
Psoriasis, skin_rash, joint_pain, skin_peeling, silver_like_dusting, small_dents_in_nails, inflammatory_nails,,,,,,,,,,,
Tuberculosis, chills, vomiting, fatigue, cough, high_fever, breathlessness, sweating, loss_of_appetite, mild_fever, yellowing_of_eyes, swelled_lymph_nodes, malaise, phlegm, chest_pain, blood_in_sputum,,
Psoriasis, joint_pain, skin_peeling, silver_like_dusting, small_dents_in_nails, inflammatory_nails,,,,,,,,,,,,
Hepatitis D, joint_pain, vomiting, fatigue, yellowish_skin, dark_urine, nausea, loss_of_appetite, abdominal_pain, yellowing_of_eyes,,,,,,,,
Cervical spondylosis, back_pain, weakness_in_limbs, neck_pain, dizziness, loss_of_balance,,,,,,,,,,,,
Osteoarthristis, joint_pain, neck_pain, knee_pain, hip_joint_pain, swelling_joints, painful_walking,,,,,,,,,,,
Tuberculosis, chills, vomiting, fatigue, weight_loss, cough, high_fever, sweating, loss_of_appetite, mild_fever, yellowing_of_eyes, swelled_lymph_nodes, malaise, phlegm, chest_pain, blood_in_sputum,,
Chronic cholestasis,itching, vomiting, yellowish_skin, nausea, loss_of_appetite, abdominal_pain, yellowing_of_eyes,,,,,,,,,,
Heart attack, vomiting, breathlessness, sweating, chest_pain,,,,,,,,,,,,,
Arthritis, muscle_weakness, stiff_neck, swelling_joints, movement_stiffness, painful_walking,,,,,,,,,,,,
Hyperthyroidism, fatigue, mood_swings, weight_loss, restlessness, sweating, diarrhoea, fast_heart_rate, excessive_hunger, muscle_weakness, irritability, abnormal_menstruation,,,,,,
Hypothyroidism, fatigue, weight_gain, cold_hands_and_feets, mood_swings, lethargy, dizziness, puffy_face_and_eyes, enlarged_thyroid, brittle_nails, swollen_extremeties, depression, irritability, abnormal_menstruation,,,,
Alcoholic hepatitis, vomiting, yellowish_skin, abdominal_pain, swelling_of_stomach, distention_of_abdomen, history_of_alcohol_consumption, fluid_overload,,,,,,,,,,
Cervical spondylosis, back_pain, weakness_in_limbs, neck_pain, dizziness, loss_of_balance,,,,,,,,,,,,
Dengue, skin_rash, chills, joint_pain, vomiting, fatigue, high_fever, headache, nausea, loss_of_appetite, pain_behind_the_eyes, back_pain, malaise, muscle_pain, red_spots_over_body,,,
Common Cold, continuous_sneezing, chills, fatigue, cough, high_fever, headache, swelled_lymph_nodes, phlegm, throat_irritation, redness_of_eyes, sinus_pressure, runny_nose, congestion, chest_pain, loss_of_smell, muscle_pain,
Acne, skin_rash, pus_filled_pimples, blackheads, scurring,,,,,,,,,,,,,
Acne, skin_rash, pus_filled_pimples, blackheads, scurring,,,,,,,,,,,,,
Hepatitis B,itching, fatigue, lethargy, yellowish_skin, dark_urine, loss_of_appetite, abdominal_pain, yellow_urine, yellowing_of_eyes, malaise, receiving_blood_transfusion, receiving_unsterile_injections,,,,,
Cervical spondylosis, back_pain, weakness_in_limbs, dizziness, loss_of_balance,,,,,,,,,,,,,
Osteoarthristis, joint_pain, neck_pain, knee_pain, hip_joint_pain, swelling_joints, painful_walking,,,,,,,,,,,
Drug Reaction,itching, skin_rash, stomach_pain, burning_micturition, spotting_ urination,,,,,,,,,,,,
Hepatitis C, fatigue, yellowish_skin, nausea, loss_of_appetite, yellowing_of_eyes, family_history,,,,,,,,,,,
Bronchial Asthma, fatigue, high_fever, breathlessness, family_history, mucoid_sputum,,,,,,,,,,,,
Fungal infection,itching, skin_rash, nodal_skin_eruptions, dischromic _patches,,,,,,,,,,,,,
Osteoarthristis, neck_pain, knee_pain, hip_joint_pain, swelling_joints, painful_walking,,,,,,,,,,,,
Hypertension , headache, chest_pain, dizziness, lack_of_concentration,,,,,,,,,,,,,
Peptic ulcer diseae, vomiting, indigestion, loss_of_appetite, abdominal_pain, passage_of_gases, internal_itching,,,,,,,,,,,
Hepatitis E, joint_pain, vomiting, fatigue, high_fever, yellowish_skin, dark_urine, nausea, loss_of_appetite, abdominal_pain, yellowing_of_eyes, acute_liver_failure, coma, stomach_bleeding,,,,
Alcoholic hepatitis, vomiting, yellowish_skin, abdominal_pain, swelling_of_stomach, distention_of_abdomen, history_of_alcohol_consumption, fluid_overload,,,,,,,,,,
Hyperthyroidism, fatigue, mood_swings, weight_loss, restlessness, sweating, diarrhoea, fast_heart_rate, excessive_hunger, muscle_weakness, irritability, abnormal_menstruation,,,,,,
Diabetes , fatigue, weight_loss, restlessness, lethargy, blurred_and_distorted_vision, obesity, excessive_hunger, increased_appetite, polyuria,,,,,,,,
Hypertension , headache, chest_pain, dizziness, loss_of_balance, lack_of_concentration,,,,,,,,,,,,
Peptic ulcer diseae, vomiting, indigestion, loss_of_appetite, abdominal_pain, passage_of_gases, internal_itching,,,,,,,,,,,
Heart attack, vomiting, breathlessness, sweating, chest_pain,,,,,,,,,,,,,
Malaria, chills, vomiting, high_fever, sweating, headache, nausea, diarrhoea, muscle_pain,,,,,,,,,
Paralysis (brain hemorrhage), vomiting, headache, weakness_of_one_body_side, altered_sensorium,,,,,,,,,,,,,
Bronchial Asthma, fatigue, cough, high_fever, breathlessness, mucoid_sputum,,,,,,,,,,,,
Hypothyroidism, fatigue, weight_gain, cold_hands_and_feets, mood_swings, lethargy, dizziness, puffy_face_and_eyes, enlarged_thyroid, brittle_nails, swollen_extremeties, depression, irritability, abnormal_menstruation,,,,
Tuberculosis, chills, vomiting, fatigue, weight_loss, cough, high_fever, breathlessness, sweating, loss_of_appetite, mild_fever, yellowing_of_eyes, swelled_lymph_nodes, malaise, phlegm, chest_pain, blood_in_sputum,
Alcoholic hepatitis, vomiting, yellowish_skin, abdominal_pain, swelling_of_stomach, history_of_alcohol_consumption, fluid_overload,,,,,,,,,,,
hepatitis A, joint_pain, vomiting, yellowish_skin, dark_urine, nausea, loss_of_appetite, abdominal_pain, diarrhoea, mild_fever, yellowing_of_eyes, muscle_pain,,,,,,
Osteoarthristis, joint_pain, neck_pain, hip_joint_pain, swelling_joints, painful_walking,,,,,,,,,,,,
Varicose veins, fatigue, cramps, bruising, obesity, swollen_legs, prominent_veins_on_calf,,,,,,,,,,,
Bronchial Asthma, fatigue, cough, high_fever, breathlessness, family_history, mucoid_sputum,,,,,,,,,,,
Peptic ulcer diseae, vomiting, indigestion, loss_of_appetite, abdominal_pain, passage_of_gases, internal_itching,,,,,,,,,,,
Tuberculosis, chills, vomiting, fatigue, weight_loss, cough, high_fever, breathlessness, sweating, loss_of_appetite, mild_fever, yellowing_of_eyes, swelled_lymph_nodes, malaise, phlegm, chest_pain, blood_in_sputum,
Hepatitis E, joint_pain, vomiting, fatigue, high_fever, yellowish_skin, dark_urine, nausea, loss_of_appetite, abdominal_pain, yellowing_of_eyes, acute_liver_failure, coma, stomach_bleeding,,,,
Allergy, continuous_sneezing, shivering, chills, watering_from_eyes,,,,,,,,,,,,,
Dimorphic hemmorhoids(piles), constipation, pain_during_bowel_movements, pain_in_anal_region, bloody_stool,,,,,,,,,,,,,
Diabetes , fatigue, weight_loss, restlessness, lethargy, irregular_sugar_level, blurred_and_distorted_vision, obesity, excessive_hunger, increased_appetite, polyuria,,,,,,,
Jaundice,itching, vomiting, fatigue, weight_loss, high_fever, yellowish_skin, dark_urine, abdominal_pain,,,,,,,,,
Allergy, continuous_sneezing, shivering, chills,,,,,,,,,,,,,,
Cervical spondylosis, back_pain, weakness_in_limbs, neck_pain, dizziness, loss_of_balance,,,,,,,,,,,,
Heart attack, vomiting, sweating, chest_pain,,,,,,,,,,,,,,
Allergy, continuous_sneezing, shivering, chills,,,,,,,,,,,,,,
Malaria, chills, vomiting, high_fever, sweating, headache, nausea, diarrhoea, muscle_pain,,,,,,,,,
Chicken pox,itching, skin_rash, fatigue, lethargy, high_fever, headache, loss_of_appetite, mild_fever, swelled_lymph_nodes, malaise, red_spots_over_body,,,,,,
Impetigo, skin_rash, high_fever, blister, red_sore_around_nose, yellow_crust_ooze,,,,,,,,,,,,
Paralysis (brain hemorrhage), vomiting, headache, weakness_of_one_body_side, altered_sensorium,,,,,,,,,,,,,
Dengue, skin_rash, chills, joint_pain, vomiting, fatigue, high_fever, headache, nausea, loss_of_appetite, pain_behind_the_eyes, back_pain, malaise, muscle_pain, red_spots_over_body,,,
Drug Reaction,itching, skin_rash, burning_micturition, spotting_ urination,,,,,,,,,,,,,
Paralysis (brain hemorrhage), vomiting, headache, weakness_of_one_body_side, altered_sensorium,,,,,,,,,,,,,
Typhoid, chills, vomiting, fatigue, high_fever, headache, nausea, constipation, abdominal_pain, diarrhoea, toxic_look_(typhos), belly_pain,,,,,,
Jaundice,itching, vomiting, fatigue, weight_loss, high_fever, yellowish_skin, dark_urine, abdominal_pain,,,,,,,,,
Tuberculosis, chills, vomiting, fatigue, weight_loss, cough, high_fever, breathlessness, sweating, loss_of_appetite, mild_fever, yellowing_of_eyes, swelled_lymph_nodes, malaise, phlegm, chest_pain, blood_in_sputum,
Hepatitis E, joint_pain, vomiting, fatigue, high_fever, yellowish_skin, dark_urine, nausea, loss_of_appetite, abdominal_pain, yellowing_of_eyes, coma, stomach_bleeding,,,,,
GERD, stomach_pain, acidity, ulcers_on_tongue, vomiting, cough,,,,,,,,,,,,
Common Cold, continuous_sneezing, fatigue, cough, high_fever, headache, swelled_lymph_nodes, malaise, phlegm, throat_irritation, redness_of_eyes, sinus_pressure, runny_nose, congestion, chest_pain, loss_of_smell, muscle_pain,
Peptic ulcer diseae, vomiting, indigestion, abdominal_pain, passage_of_gases, internal_itching,,,,,,,,,,,,
Diabetes , fatigue, weight_loss, restlessness, lethargy, irregular_sugar_level, blurred_and_distorted_vision, obesity, excessive_hunger, increased_appetite, polyuria,,,,,,,
Jaundice,itching, vomiting, fatigue, weight_loss, high_fever, yellowish_skin, dark_urine, abdominal_pain,,,,,,,,,
Paralysis (brain hemorrhage), vomiting, headache, weakness_of_one_body_side,,,,,,,,,,,,,,
GERD, stomach_pain, acidity, ulcers_on_tongue, vomiting, chest_pain,,,,,,,,,,,,
Chronic cholestasis,itching, vomiting, yellowish_skin, loss_of_appetite, abdominal_pain, yellowing_of_eyes,,,,,,,,,,,
Arthritis, muscle_weakness, stiff_neck, swelling_joints, movement_stiffness, painful_walking,,,,,,,,,,,,
AIDS, muscle_wasting, high_fever, extra_marital_contacts,,,,,,,,,,,,,,
Diabetes , fatigue, weight_loss, restlessness, lethargy, irregular_sugar_level, blurred_and_distorted_vision, obesity, excessive_hunger, increased_appetite, polyuria,,,,,,,
Osteoarthristis, joint_pain, neck_pain, knee_pain, hip_joint_pain, swelling_joints, painful_walking,,,,,,,,,,,
Psoriasis, skin_rash, joint_pain, skin_peeling, silver_like_dusting, small_dents_in_nails, inflammatory_nails,,,,,,,,,,,
Hypothyroidism, fatigue, weight_gain, cold_hands_and_feets, mood_swings, lethargy, dizziness, puffy_face_and_eyes, enlarged_thyroid, brittle_nails, swollen_extremeties, depression, irritability, abnormal_menstruation,,,,
Common Cold, continuous_sneezing, chills, fatigue, cough, high_fever, headache, swelled_lymph_nodes, malaise, phlegm, throat_irritation, redness_of_eyes, sinus_pressure, runny_nose, congestion, chest_pain, loss_of_smell, muscle_pain
Diabetes , fatigue, weight_loss, restlessness, lethargy, irregular_sugar_level, blurred_and_distorted_vision, obesity, excessive_hunger, increased_appetite, polyuria,,,,,,,
Hypoglycemia, vomiting, fatigue, anxiety, sweating, headache, nausea, blurred_and_distorted_vision, excessive_hunger, drying_and_tingling_lips, slurred_speech, irritability, palpitations,,,,,
Arthritis, muscle_weakness, stiff_neck, swelling_joints, movement_stiffness, painful_walking,,,,,,,,,,,,
Varicose veins, fatigue, cramps, bruising, obesity, swollen_legs, swollen_blood_vessels, prominent_veins_on_calf,,,,,,,,,,
Drug Reaction,itching, skin_rash, stomach_pain, burning_micturition, spotting_ urination,,,,,,,,,,,,
Hepatitis E, joint_pain, vomiting, fatigue, high_fever, yellowish_skin, dark_urine, nausea, loss_of_appetite, abdominal_pain, yellowing_of_eyes, acute_liver_failure, coma, stomach_bleeding,,,,
Hepatitis C, fatigue, yellowish_skin, nausea, loss_of_appetite, yellowing_of_eyes, family_history,,,,,,,,,,,
Peptic ulcer diseae, vomiting, indigestion, loss_of_appetite, abdominal_pain, passage_of_gases, internal_itching,,,,,,,,,,,
Impetigo, skin_rash, high_fever, blister, red_sore_around_nose, yellow_crust_ooze,,,,,,,,,,,,
Pneumonia, chills, fatigue, cough, high_fever, breathlessness, sweating, malaise, phlegm, chest_pain, fast_heart_rate, rusty_sputum,,,,,,
AIDS, muscle_wasting, patches_in_throat, high_fever, extra_marital_contacts,,,,,,,,,,,,,
hepatitis A, vomiting, yellowish_skin, dark_urine, nausea, loss_of_appetite, abdominal_pain, diarrhoea, mild_fever, yellowing_of_eyes, muscle_pain,,,,,,,
Impetigo, skin_rash, high_fever, blister, red_sore_around_nose, yellow_crust_ooze,,,,,,,,,,,,
Diabetes , fatigue, weight_loss, restlessness, lethargy, irregular_sugar_level, blurred_and_distorted_vision, obesity, excessive_hunger, increased_appetite, polyuria,,,,,,,
Malaria, chills, vomiting, high_fever, sweating, headache, nausea, diarrhoea, muscle_pain,,,,,,,,,
Heart attack, vomiting, breathlessness, sweating, chest_pain,,,,,,,,,,,,,
AIDS, muscle_wasting, patches_in_throat, high_fever,,,,,,,,,,,,,,
Peptic ulcer diseae, vomiting, loss_of_appetite, abdominal_pain, passage_of_gases, internal_itching,,,,,,,,,,,,
Hepatitis C, fatigue, nausea, loss_of_appetite, yellowing_of_eyes, family_history,,,,,,,,,,,,
Migraine, acidity, indigestion, headache, blurred_and_distorted_vision, stiff_neck, depression, irritability, visual_disturbances,,,,,,,,,
Varicose veins, fatigue, cramps, bruising, obesity, swollen_legs, swollen_blood_vessels, prominent_veins_on_calf,,,,,,,,,,
Gastroenteritis, vomiting, sunken_eyes, dehydration, diarrhoea,,,,,,,,,,,,,
Chronic cholestasis,itching, vomiting, yellowish_skin, nausea, loss_of_appetite, abdominal_pain, yellowing_of_eyes,,,,,,,,,,
hepatitis A, joint_pain, vomiting, yellowish_skin, dark_urine, nausea, loss_of_appetite, abdominal_pain, diarrhoea, mild_fever, yellowing_of_eyes, muscle_pain,,,,,,
Bronchial Asthma, fatigue, cough, high_fever, breathlessness, family_history, mucoid_sputum,,,,,,,,,,,
Pneumonia, chills, fatigue, cough, high_fever, breathlessness, sweating, malaise, phlegm, chest_pain, fast_heart_rate, rusty_sputum,,,,,,
Hepatitis E, joint_pain, fatigue, high_fever, yellowish_skin, dark_urine, nausea, loss_of_appetite, abdominal_pain, yellowing_of_eyes, acute_liver_failure, coma, stomach_bleeding,,,,,
Common Cold, continuous_sneezing, chills, fatigue, cough, high_fever, headache, swelled_lymph_nodes, malaise, phlegm, throat_irritation, redness_of_eyes, sinus_pressure, runny_nose, congestion, chest_pain, loss_of_smell, muscle_pain
Tuberculosis, chills, vomiting, weight_loss, cough, high_fever, breathlessness, sweating, loss_of_appetite, mild_fever, yellowing_of_eyes, swelled_lymph_nodes, malaise, phlegm, chest_pain, blood_in_sputum,,
Common Cold, continuous_sneezing, chills, fatigue, cough, high_fever, headache, swelled_lymph_nodes, malaise, phlegm, throat_irritation, redness_of_eyes, sinus_pressure, runny_nose, congestion, chest_pain, loss_of_smell, muscle_pain
Hypothyroidism, fatigue, weight_gain, cold_hands_and_feets, mood_swings, lethargy, dizziness, puffy_face_and_eyes, enlarged_thyroid, brittle_nails, swollen_extremeties, depression, irritability, abnormal_menstruation,,,,
Allergy, continuous_sneezing, shivering, chills, watering_from_eyes,,,,,,,,,,,,,
Osteoarthristis, joint_pain, neck_pain, knee_pain, hip_joint_pain, swelling_joints, painful_walking,,,,,,,,,,,
Gastroenteritis, vomiting, sunken_eyes, dehydration,,,,,,,,,,,,,,
Varicose veins, fatigue, cramps, bruising, obesity, swollen_legs, prominent_veins_on_calf,,,,,,,,,,,
Common Cold, continuous_sneezing, chills, fatigue, cough, high_fever, headache, swelled_lymph_nodes, malaise, phlegm, throat_irritation, redness_of_eyes, sinus_pressure, runny_nose, congestion, chest_pain, loss_of_smell, muscle_pain
Chicken pox,itching, skin_rash, lethargy, high_fever, headache, loss_of_appetite, mild_fever, swelled_lymph_nodes, malaise, red_spots_over_body,,,,,,,
Bronchial Asthma, cough, high_fever, breathlessness, family_history, mucoid_sputum,,,,,,,,,,,,
Pneumonia, chills, fatigue, cough, high_fever, breathlessness, sweating, malaise, phlegm, chest_pain, fast_heart_rate, rusty_sputum,,,,,,
Cervical spondylosis, back_pain, weakness_in_limbs, neck_pain, dizziness, loss_of_balance,,,,,,,,,,,,
GERD, stomach_pain, acidity, ulcers_on_tongue, vomiting, cough, chest_pain,,,,,,,,,,,
Gastroenteritis, vomiting, sunken_eyes, dehydration, diarrhoea,,,,,,,,,,,,,
Gastroenteritis, sunken_eyes, dehydration, diarrhoea,,,,,,,,,,,,,,
Malaria, chills, vomiting, high_fever, sweating, headache, nausea, diarrhoea, muscle_pain,,,,,,,,,
Pneumonia, chills, fatigue, cough, high_fever, breathlessness, sweating, malaise, phlegm, chest_pain, fast_heart_rate, rusty_sputum,,,,,,
GERD, stomach_pain, ulcers_on_tongue, vomiting, cough, chest_pain,,,,,,,,,,,,
Cervical spondylosis, back_pain, weakness_in_limbs, neck_pain, dizziness, loss_of_balance,,,,,,,,,,,,
Jaundice,itching, vomiting, fatigue, weight_loss, high_fever, yellowish_skin, dark_urine, abdominal_pain,,,,,,,,,
Urinary tract infection, bladder_discomfort, foul_smell_of urine, continuous_feel_of_urine,,,,,,,,,,,,,,
AIDS, muscle_wasting, patches_in_throat, high_fever, extra_marital_contacts,,,,,,,,,,,,,
Hepatitis B,itching, fatigue, lethargy, yellowish_skin, dark_urine, loss_of_appetite, abdominal_pain, yellow_urine, yellowing_of_eyes, malaise, receiving_blood_transfusion, receiving_unsterile_injections,,,,,
Migraine, acidity, indigestion, headache, blurred_and_distorted_vision, excessive_hunger, stiff_neck, depression, irritability, visual_disturbances,,,,,,,,
Psoriasis, skin_rash, joint_pain, skin_peeling, silver_like_dusting, inflammatory_nails,,,,,,,,,,,,
Osteoarthristis, joint_pain, knee_pain, hip_joint_pain, swelling_joints, painful_walking,,,,,,,,,,,,
Drug Reaction,itching, skin_rash, stomach_pain, burning_micturition, spotting_ urination,,,,,,,,,,,,
Fungal infection,itching, skin_rash, nodal_skin_eruptions, dischromic _patches,,,,,,,,,,,,,
Impetigo, skin_rash, high_fever, blister, red_sore_around_nose, yellow_crust_ooze,,,,,,,,,,,,
Hyperthyroidism, mood_swings, weight_loss, restlessness, sweating, diarrhoea, fast_heart_rate, excessive_hunger, muscle_weakness, irritability, abnormal_menstruation,,,,,,,
Typhoid, chills, vomiting, fatigue, high_fever, headache, nausea, constipation, abdominal_pain, diarrhoea, toxic_look_(typhos), belly_pain,,,,,,
Malaria, chills, vomiting, high_fever, sweating, headache, nausea, diarrhoea, muscle_pain,,,,,,,,,
Acne, skin_rash, pus_filled_pimples, blackheads, scurring,,,,,,,,,,,,,
Chronic cholestasis,itching, vomiting, yellowish_skin, nausea, loss_of_appetite, abdominal_pain,,,,,,,,,,,
Paralysis (brain hemorrhage), vomiting, headache, weakness_of_one_body_side, altered_sensorium,,,,,,,,,,,,,
Peptic ulcer diseae, vomiting, indigestion, loss_of_appetite, abdominal_pain, internal_itching,,,,,,,,,,,,
